"Country_name";"Sub_region";"Region";"Land_area"
"Afghanistan";"Southern Asia";"Central and Southern Asia";652230.0
"Algeria";"Northern Africa";"Northern Africa and Western Asia";2381741.0
"American Samoa";"Polynesia";"Oceania";200.0
"Angola";"Middle Africa";"Sub-Saharan Africa";1246700.0
"Anguilla";"Caribbean";"Latin America and the Caribbean";0.0
"Antigua and Barbuda";"Caribbean";"Latin America and the Caribbean";440.0
"Argentina";"South America";"Latin America and the Caribbean";2736690.0
"Armenia";"Western Asia";"Northern Africa and Western Asia";28470.0
"Aruba";"Caribbean";"Latin America and the Caribbean";180.0
"Australia";"Australia and New Zealand";"Oceania";7690400.0
"Azerbaijan";"Western Asia";"Northern Africa and Western Asia";82658.17
"Bahamas";"Caribbean";"Latin America and the Caribbean";0.0
"Bahrain";"Western Asia";"Northern Africa and Western Asia";780.83
"Bangladesh";"Southern Asia";"Central and Southern Asia";130170.0
"Barbados";"Caribbean";"Latin America and the Caribbean";430.0
"Belize";"Central America";"Latin America and the Caribbean";22810.0
"Benin";"Western Africa";"Sub-Saharan Africa";112760.0
"Bermuda";"Northern America";"Europe and Northern America";54.0
"Bhutan";"Southern Asia";"Central and Southern Asia";38137.5
"Bolivia (Plurinational State of)";"South America";"Latin America and the Caribbean";0.0
"Botswana";"Southern Africa";"Sub-Saharan Africa";566730.0
"Brazil";"South America";"Latin America and the Caribbean";8358140.0
"British Virgin Islands";"Caribbean";"Latin America and the Caribbean";150.0
"Brunei Darussalam";"South-Eastern Asia";"Eastern and South-Eastern Asia";5270.0
"Burkina Faso";"Western Africa";"Sub-Saharan Africa";273600.0
"Burundi";"Eastern Africa";"Sub-Saharan Africa";25680.0
"Cabo Verde";"Western Africa";"Sub-Saharan Africa";4030.0
"Cambodia";"South-Eastern Asia";"Eastern and South-Eastern Asia";176520.0
"Cameroon";"Middle Africa";"Sub-Saharan Africa";472710.0
"Canada";"Northern America";"Europe and Northern America";8965590.0
"Cayman Islands";"Caribbean";"Latin America and the Caribbean";240.0
"Central African Republic";"Middle Africa";"Sub-Saharan Africa";622980.0
"Chad";"Middle Africa";"Sub-Saharan Africa";1259200.0
"Chile";"South America";"Latin America and the Caribbean";743532.0
"China";"Eastern Asia";"Eastern and South-Eastern Asia";9424701.9
"Colombia";"South America";"Latin America and the Caribbean";1109500.0
"Comoros";"Eastern Africa";"Sub-Saharan Africa";1861.0
"Congo";"Middle Africa";"Sub-Saharan Africa";0.0
"Cook Islands";"Polynesia";"Oceania";0.0
"Costa Rica";"Central America";"Latin America and the Caribbean";51060.0
"Côte d'Ivoire";"Western Africa";"Sub-Saharan Africa";0.0
"Cuba";"Caribbean";"Latin America and the Caribbean";103890.0
"Curaçao";"Caribbean";"Latin America and the Caribbean";0.0
"Cyprus";"Western Asia";"Northern Africa and Western Asia";9240.0
"Democratic People's Republic of Korea";"Eastern Asia";"Eastern and South-Eastern Asia";0.0
"Democratic Republic of the Congo";"Middle Africa";"Sub-Saharan Africa";0.0
"Djibouti";"Eastern Africa";"Sub-Saharan Africa";23180.0
"Dominica";"Caribbean";"Latin America and the Caribbean";750.0
"Dominican Republic";"Caribbean";"Latin America and the Caribbean";48310.0
"Ecuador";"South America";"Latin America and the Caribbean";248360.0
"Egypt";"Northern Africa";"Northern Africa and Western Asia";0.0
"El Salvador";"Central America";"Latin America and the Caribbean";20720.0
"Equatorial Guinea";"Middle Africa";"Sub-Saharan Africa";28050.0
"Eritrea";"Eastern Africa";"Sub-Saharan Africa";121083.12
"Eswatini";"Southern Africa";"Sub-Saharan Africa";17200.0
"Ethiopia";"Eastern Africa";"Sub-Saharan Africa";1128559.04
"Falkland Islands (Malvinas)";"South America";"Latin America and the Caribbean";0.0
"Fiji";"Melanesia";"Oceania";18270.0
"French Guiana";"South America";"Latin America and the Caribbean";0.0
"French Polynesia";"Polynesia";"Oceania";3471.0
"Gabon";"Middle Africa";"Sub-Saharan Africa";257670.0
"Gambia";"Western Africa";"Sub-Saharan Africa";0.0
"Georgia";"Western Asia";"Northern Africa and Western Asia";69490.0
"Ghana";"Western Africa";"Sub-Saharan Africa";227538.83
"Greenland";"Northern America";"Europe and Northern America";410450.0
"Grenada";"Caribbean";"Latin America and the Caribbean";340.0
"Guadeloupe";"Caribbean";"Latin America and the Caribbean";0.0
"Guam";"Micronesia";"Oceania";540.0
"Guatemala";"Central America";"Latin America and the Caribbean";107160.0
"Guinea";"Western Africa";"Sub-Saharan Africa";245720.0
"Guinea-Bissau";"Western Africa";"Sub-Saharan Africa";28120.0
"Guyana";"South America";"Latin America and the Caribbean";196850.0
"Haiti";"Caribbean";"Latin America and the Caribbean";27560.0
"Honduras";"Central America";"Latin America and the Caribbean";111890.0
"India";"Southern Asia";"Central and Southern Asia";2973190.0
"Indonesia";"South-Eastern Asia";"Eastern and South-Eastern Asia";1877519.0
"Iran (Islamic Republic of)";"Southern Asia";"Central and Southern Asia";0.0
"Iraq";"Western Asia";"Northern Africa and Western Asia";434128.0
"Israel";"Western Asia";"Northern Africa and Western Asia";21640.0
"Jamaica";"Caribbean";"Latin America and the Caribbean";10830.0
"Japan";"Eastern Asia";"Eastern and South-Eastern Asia";364500.0
"Jordan";"Western Asia";"Northern Africa and Western Asia";88784.67
"Kazakhstan";"Central Asia";"Central and Southern Asia";2699700.0
"Kenya";"Eastern Africa";"Sub-Saharan Africa";569140.0
"Kiribati";"Micronesia";"Oceania";810.0
"Kuwait";"Western Asia";"Northern Africa and Western Asia";17820.0
"Kyrgyzstan";"Central Asia";"Central and Southern Asia";0.0
"Lao People's Democratic Republic";"South-Eastern Asia";"Eastern and South-Eastern Asia";0.0
"Lebanon";"Western Asia";"Northern Africa and Western Asia";10230.0
"Lesotho";"Southern Africa";"Sub-Saharan Africa";30360.0
"Liberia";"Western Africa";"Sub-Saharan Africa";96320.0
"Libya";"Northern Africa";"Northern Africa and Western Asia";1759540.0
"Madagascar";"Eastern Africa";"Sub-Saharan Africa";581800.0
"Malawi";"Eastern Africa";"Sub-Saharan Africa";94280.0
"Malaysia";"South-Eastern Asia";"Eastern and South-Eastern Asia";328550.0
"Maldives";"Southern Asia";"Central and Southern Asia";300.0
"Mali";"Western Africa";"Sub-Saharan Africa";1220190.0
"Marshall Islands";"Micronesia";"Oceania";180.0
"Martinique";"Caribbean";"Latin America and the Caribbean";0.0
"Mauritania";"Western Africa";"Sub-Saharan Africa";1030700.0
"Mauritius";"Eastern Africa";"Sub-Saharan Africa";2030.0
"Mayotte";"Eastern Africa";"Sub-Saharan Africa";0.0
"Mexico";"Central America";"Latin America and the Caribbean";1943950.0
"Micronesia (Federated States of)";"Micronesia";"Oceania";0.0
"Mongolia";"Eastern Asia";"Eastern and South-Eastern Asia";1557297.67
"Montserrat";"Caribbean";"Latin America and the Caribbean";0.0
"Morocco";"Northern Africa";"Northern Africa and Western Asia";446300.0
"Mozambique";"Eastern Africa";"Sub-Saharan Africa";786380.0
"Myanmar";"South-Eastern Asia";"Eastern and South-Eastern Asia";652780.0
"Namibia";"Southern Africa";"Sub-Saharan Africa";823290.0
"Nauru";"Micronesia";"Oceania";20.0
"Nepal";"Southern Asia";"Central and Southern Asia";143350.0
"New Caledonia";"Melanesia";"Oceania";18280.0
"New Zealand";"Australia and New Zealand";"Oceania";263310.0
"Nicaragua";"Central America";"Latin America and the Caribbean";120340.0
"Niger";"Western Africa";"Sub-Saharan Africa";1266700.0
"Nigeria";"Western Africa";"Sub-Saharan Africa";910770.0
"Niue";"Polynesia";"Oceania";0.0
"Northern Mariana Islands";"Micronesia";"Oceania";460.0
"Oman";"Western Asia";"Northern Africa and Western Asia";309500.0
"Pakistan";"Southern Asia";"Central and Southern Asia";770880.0
"Palau";"Micronesia";"Oceania";460.0
"Panama";"Central America";"Latin America and the Caribbean";74150.0
"Papua New Guinea";"Melanesia";"Oceania";452860.0
"Paraguay";"South America";"Latin America and the Caribbean";397300.0
"Peru";"South America";"Latin America and the Caribbean";1280000.0
"Philippines";"South-Eastern Asia";"Eastern and South-Eastern Asia";298170.0
"Puerto Rico";"Caribbean";"Latin America and the Caribbean";8870.0
"Qatar";"Western Asia";"Northern Africa and Western Asia";11490.0
"Republic of Korea";"Eastern Asia";"Eastern and South-Eastern Asia";0.0
"Réunion";"Eastern Africa";"Sub-Saharan Africa";0.0
"Rwanda";"Eastern Africa";"Sub-Saharan Africa";24670.0
"Saint Barthélemy";"Caribbean";"Latin America and the Caribbean";0.0
"Saint Helena";"Western Africa";"Sub-Saharan Africa";0.0
"Saint Kitts and Nevis";"Caribbean";"Latin America and the Caribbean";0.0
"Saint Lucia";"Caribbean";"Latin America and the Caribbean";0.0
"Saint Martin (French Part)";"Caribbean";"Latin America and the Caribbean";0.0
"Saint Pierre and Miquelon";"Northern America";"Europe and Northern America";0.0
"Saint Vincent and the Grenadines";"Caribbean";"Latin America and the Caribbean";0.0
"Samoa";"Polynesia";"Oceania";2796.67
"Sao Tome and Principe";"Middle Africa";"Sub-Saharan Africa";960.0
"Saudi Arabia";"Western Asia";"Northern Africa and Western Asia";2149690.0
"Senegal";"Western Africa";"Sub-Saharan Africa";192530.0
"Seychelles";"Eastern Africa";"Sub-Saharan Africa";460.0
"Sierra Leone";"Western Africa";"Sub-Saharan Africa";72180.0
"Singapore";"South-Eastern Asia";"Eastern and South-Eastern Asia";713.0
"Sint Maarten (Dutch part)";"Caribbean";"Latin America and the Caribbean";34.0
"Solomon Islands";"Melanesia";"Oceania";27990.0
"Somalia";"Eastern Africa";"Sub-Saharan Africa";627340.0
"South Africa";"Southern Africa";"Sub-Saharan Africa";1213090.0
"South Sudan";"Eastern Africa";"Sub-Saharan Africa";631930.0
"Sri Lanka";"Southern Asia";"Central and Southern Asia";61877.91
"State of Palestine";"Western Asia";"Northern Africa and Western Asia";0.0
"Sudan";"Northern Africa";"Northern Africa and Western Asia";1868000.0
"Suriname";"South America";"Latin America and the Caribbean";156000.0
"Syrian Arab Republic";"Western Asia";"Northern Africa and Western Asia";183630.0
"Tajikistan";"Central Asia";"Central and Southern Asia";138790.0
"Thailand";"South-Eastern Asia";"Eastern and South-Eastern Asia";510890.0
"Timor-Leste";"South-Eastern Asia";"Eastern and South-Eastern Asia";14870.0
"Togo";"Western Africa";"Sub-Saharan Africa";54390.0
"Tokelau";"Polynesia";"Oceania";0.0
"Tonga";"Polynesia";"Oceania";720.0
"Trinidad and Tobago";"Caribbean";"Latin America and the Caribbean";5130.0
"Tunisia";"Northern Africa";"Northern Africa and Western Asia";155360.0
"Türkiye";"Western Asia";"Northern Africa and Western Asia";0.0
"Turkmenistan";"Central Asia";"Central and Southern Asia";469930.0
"Turks and Caicos Islands";"Caribbean";"Latin America and the Caribbean";950.0
"Tuvalu";"Polynesia";"Oceania";30.0
"Uganda";"Eastern Africa";"Sub-Saharan Africa";200520.0
"United Arab Emirates";"Western Asia";"Northern Africa and Western Asia";71020.0
"United Republic of Tanzania";"Eastern Africa";"Sub-Saharan Africa";0.0
"United States of America";"Northern America";"Europe and Northern America";0.0
"United States Virgin Islands";"Caribbean";"Latin America and the Caribbean";0.0
"Uruguay";"South America";"Latin America and the Caribbean";175020.0
"Uzbekistan";"Central Asia";"Central and Southern Asia";440595.17
"Vanuatu";"Melanesia";"Oceania";12190.0
"Venezuela (Bolivarian Republic of)";"South America";"Latin America and the Caribbean";0.0
"Viet Nam";"South-Eastern Asia";"Eastern and South-Eastern Asia";0.0
"Wallis and Futuna Islands";"Polynesia";"Oceania";0.0
"Yemen";"Western Asia";"Northern Africa and Western Asia";0.0
"Zambia";"Eastern Africa";"Sub-Saharan Africa";743390.0
"Zimbabwe";"Eastern Africa";"Sub-Saharan Africa";386850.0
